run,subcluster,n_nuclei,median_nFeature,Uninfected,Homogenate,6-hpiA,6-hpiD,24-hpiJ,72-hpiJ,96-hpiE
Uncorrected,U_0,419,747,0,3.3,94,1,0.2,1.4,0
Uncorrected,U_1,360,580,0.3,1.1,1.9,93.6,0,1.9,1.1
Uncorrected,U_2,344,501,0.3,93,2.3,2,1.7,0.6,0
Uncorrected,U_3,336,552,95.5,0.6,0.3,0.9,0.9,1.5,0.3
Uncorrected,U_4,320,567,0,0.3,0,0,1.6,98.1,0
Uncorrected,U_5,318,1074,4.1,19.5,19.5,17.3,8.8,11.3,19.5
Uncorrected,U_6,295,688,1.4,1.4,0.7,0,90.8,3.4,2.4
Uncorrected,U_7,200,392,0,0,0.5,0,0.5,0.5,98.5
Uncorrected,U_8,17,837,5.9,17.6,47.1,11.8,5.9,11.8,0
Sample-corrected (Harmony),H_0,1148,468,14.1,13.3,17.5,15.8,12.1,17.3,9.8
Sample-corrected (Harmony),H_1,389,783,11.8,12.6,16.7,16.7,18,12.3,11.8
Sample-corrected (Harmony),H_2,375,818,10.7,26.1,24.8,12.3,11.5,11.2,3.5
Sample-corrected (Harmony),H_3,352,1164,10.2,15.6,19.3,14.5,10.5,15.1,14.8
Sample-corrected (Harmony),H_4,302,674,17.2,14.2,15.6,20.2,7.6,10.9,14.2
Sample-corrected (Harmony),H_5,43,596,11.6,27.9,20.9,9.3,2.3,18.6,9.3
