run,animal,pct_of_animal_nuclei,total_viral_pos,subcluster,n_nuclei,n_viral_pos
Uncorrected,72-hpiJ,82,5,U4,314,4
Uncorrected,72-hpiJ,9.4,5,U5,36,1
Uncorrected,72-hpiJ,2.6,5,U6,10,0
Uncorrected,72-hpiJ,1.8,5,U1,7,0
Uncorrected,72-hpiJ,1.6,5,U0,6,0
Uncorrected,72-hpiJ,1.3,5,U3,5,0
Uncorrected,72-hpiJ,0.5,5,U2,2,0
Uncorrected,72-hpiJ,0.5,5,U8,2,0
Uncorrected,72-hpiJ,0.3,5,U7,1,0
Sample-corrected (Harmony),72-hpiJ,52,5,H0,199,1
Sample-corrected (Harmony),72-hpiJ,13.8,5,H3,53,2
Sample-corrected (Harmony),72-hpiJ,12.5,5,H1,48,2
Sample-corrected (Harmony),72-hpiJ,11,5,H2,42,0
Sample-corrected (Harmony),72-hpiJ,8.6,5,H4,33,0
Sample-corrected (Harmony),72-hpiJ,2.1,5,H5,8,0
